년도,지역,작물,"면적

",생산량,단위생산량
2015,경산시,사과,6.3,80,"1,600.00"
2016,경산시,사과,8.5,115,"1,352.90"
2017,경산시,사과,6.9,105.1,"1,523.20"
2018,경산시,사과,16.1,179,"1,111.80"
2019,경산시,사과,19.3,173,896.4
2015,경산시,배,1,12.5,"1,250.00"
2016,경산시,배,1.2,19.9,"1,658.30"
2017,경산시,배,0.7,14.4,"2,057.10"
2018,경산시,배,0.7,14.4,"2,057.10"
2019,경산시,배,0.7,12.7,"1,814.30"
2015,경산시,복숭아,"1,530.40","21,154.70","1,443.60"
2016,경산시,복숭아,"1,639.40","24,108.20","1,470.60"
2017,경산시,복숭아,"1,361.60","22,373.60","1,643.20"
2018,경산시,복숭아,"1,403.20","21,755.60","1,550.40"
2019,경산시,복숭아,"1,375.60","22,571.40","1,640.80"
2019,울진군,포도,0.4,1.5,375
2019,봉화군,포도,1,6,600
2016,봉화군,포도,1,11,823
2017,봉화군,포도,1,12,850
2018,문경시,포도,11,96.2,874.5
2015,경산시,감,50.2,696.5,"1,405.80"
2016,경산시,감,73.1,970.5,"1,327.60"
2017,경산시,감,73.3,"1,166.50","1,591.40"
2018,경산시,감,73.7,"1,135.50","1,540.70"
2019,경산시,감,72.6,"1,104.70","1,521.60"
2015,경산시,대추,824.2,"4,768.00",579.3
2016,경산시,대추,771.9,"4,266.00",552.7
2017,경산시,대추,533.6,"3,949.50",740.2
2018,경산시,대추,530.6,"3,973.00",748.8
2019,경산시,대추,525.6,"3,675.10",699.2
2015,경산시,감귤,-,-,-
2016,경산시,감귤,-,-,-
2017,경산시,감귤,-,-,-
2018,경산시,감귤,-,-,-
2019,경산시,감귤,-,-,-
2015,경산시,체리,-,-,-
2016,경산시,체리,-,-,-
2017,경산시,체리,-,-,-
2018,경산시,체리,-,-,-
2019,경산시,체리,-,-,-
2015,경산시,오디,-,-,-
2016,경산시,오디,-,-,-
2017,경산시,오디,-,-,-
2018,경산시,오디,-,-,-
2019,경산시,오디,-,-,-
2015,경산시,산딸기,-,-,-
2016,경산시,산딸기,-,-,-
2017,경산시,산딸기,-,-,-
2018,경산시,산딸기,-,-,-
2019,경산시,산딸기,-,-,-
2015,경산시,복분자,-,-,-
2016,경산시,복분자,-,-,-
2017,경산시,복분자,-,-,-
2018,경산시,복분자,-,-,-
2019,경산시,복분자,-,-,-
2015,경산시,자두,-,-,-
2016,경산시,자두,-,-,-
2017,경산시,자두,-,-,-
2018,경산시,자두,-,-,-
2019,경산시,자두,-,-,-
2015,경산시,살구,-,-,-
2016,경산시,살구,-,-,-
2017,경산시,살구,-,-,-
2018,경산시,살구,-,-,-
2019,경산시,살구,-,-,-
2015,경주시,사과,239,"4,675.00","1,955.00"
2016,경주시,사과,240,"4,678.00","1,946.00"
2017,경주시,사과,240,"4,595.00","1,915.00"
2018,경주시,사과,250,"4,600.00","1,920.00"
2019,경주시,사과,250,"3,420.00","1,368.00"
2015,경주시,배,185,"3,261.00","1,763.00"
2016,경주시,배,186,"3,361.00","1,807.00"
2017,경주시,배,186,"3,520.00","1,892.00"
2018,경주시,배,180,"3,500.00","1,880.00"
2019,경주시,배,170,"2,992.00","1,760.00"
2015,경주시,복숭아,65,"1,273.00","1,958.00"
2016,경주시,복숭아,74,"1,321.00","1,781.00"
2017,경주시,복숭아,74,"1,310.00","1,770.00"
2018,경주시,복숭아,70,"1,310.00","1,750.00"
2019,경주시,복숭아,70,"1,215.00","1,736.00"
2019,영양군,포도,7.3,74,"1,013.70"
2019,문경시,포도,11.5,118.8,"1,033.00"
2016,예천군,포도,3.6,37.9,"1,053.00"
2019,예천군,포도,3.1,33,"1,064.10"
2019,성주군,포도,7.5,81.7,"1,089.30"
2015,경주시,감,160,"1,520.00",956
2016,경주시,감,160,"1,520.00",956
2017,경주시,감,160,"1,600.00","1,000.00"
2018,경주시,감,160,"1,530.00",980
2019,경주시,감,160,"1,444.00",903
2015,경주시,대추,-,-,-
2016,경주시,대추,-,-,-
2017,경주시,대추,-,-,-
2018,경주시,대추,-,-,-
2019,경주시,대추,-,-,-
2015,경주시,감귤,-,-,-
2016,경주시,감귤,-,-,-
2017,경주시,감귤,-,-,-
2018,경주시,감귤,-,-,-
2019,경주시,감귤,-,-,-
2015,경주시,체리,52,504,"1,050.00"
2016,경주시,체리,52,504,971
2017,경주시,체리,52,530,"1,019.00"
2018,경주시,체리,52,520,"1,005.00"
2019,경주시,체리,52,426,819
2015,경주시,오디,10.3,20,194
2016,경주시,오디,11,20,190
2017,경주시,오디,11,19,172
2018,경주시,오디,11,20,190
2019,경주시,오디,11,20,181
2015,경주시,산딸기,-,-,-
2016,경주시,산딸기,-,-,-
2017,경주시,산딸기,-,-,-
2018,경주시,산딸기,-,-,-
2019,경주시,산딸기,-,-,-
2015,경주시,복분자,1.6,11,687
2016,경주시,복분자,2,11,688
2017,경주시,복분자,2,12,600
2018,경주시,복분자,2,12,600
2019,경주시,복분자,2,12,600
2015,경주시,자두,-,-,-
2016,경주시,자두,-,-,-
2017,경주시,자두,-,-,-
2018,경주시,자두,-,-,-
2019,경주시,자두,-,-,-
2015,경주시,살구,-,-,-
2016,경주시,살구,-,-,-
2017,경주시,살구,-,-,-
2018,경주시,살구,-,-,-
2019,경주시,살구,-,-,-
2015,구미시,사과,105,"1,930.00","1,838.00"
2016,구미시,사과,104.1,"1,952.00","1,875.10"
2017,구미시,사과,84.6,"1,596.40","1,887.00"
2018,구미시,사과,51.8,881,"1,700.80"
2019,구미시,사과,98,"1,914","1,953"
2015,구미시,배,26,524,"2,015.00"
2016,구미시,배,23.7,415.8,"1,754.40"
2017,구미시,배,21.6,379,"1,754.60"
2018,구미시,배,9.2,140.1,"1,522.80"
2019,구미시,배,8,175,"2,188"
2015,구미시,복숭아,57,"1,326.00","2,326.00"
2016,구미시,복숭아,75.9,"1,293.00","1,703.60"
2017,구미시,복숭아,59.5,"1,013.60","1,703.50"
2018,구미시,복숭아,73.6,"1,176.60","1,598.60"
2019,구미시,복숭아,8,"1,231","15,388"
2017,영양군,포도,8.5,93,"1,094.10"
2019,안동시,포도,10.1,111,"1,099.00"
2016,청송군,포도,3.4,38.6,"1,128.70"
2019,포항시,포도,5.7,65.1,"1,142.10"
2018,포항시,포도,6,61.3,"1,146.00"
2015,구미시,감,103.8,"1,683.00","1,621.00"
2016,구미시,감,105.2,"1,509.00","1,434.40"
2017,구미시,감,104.2,"1,494.70","1,434.50"
2018,구미시,감,127.9,"1,593.50","1,245.90"
2019,구미시,감,116,"2,059","1,775"
2015,구미시,대추,-,-,-
2016,구미시,대추,-,-,-
2017,구미시,대추,-,-,-
2018,구미시,대추,-,-,-
2019,구미시,대추,-,-,-
2015,구미시,감귤,-,-,-
2016,구미시,감귤,-,-,-
2017,구미시,감귤,-,-,-
2018,구미시,감귤,-,-,-
2019,구미시,감귤,-,-,-
2015,구미시,체리,-,-,-
2016,구미시,체리,-,-,-
2017,구미시,체리,-,-,-
2018,구미시,체리,-,-,-
2019,구미시,체리,-,-,-
2015,구미시,오디,-,-,-
2016,구미시,오디,-,-,-
2017,구미시,오디,-,-,-
2018,구미시,오디,-,-,-
2019,구미시,오디,-,-,-
2015,구미시,산딸기,-,-,-
2016,구미시,산딸기,-,-,-
2017,구미시,산딸기,-,-,-
2018,구미시,산딸기,-,-,-
2019,구미시,산딸기,-,-,-
2015,구미시,복분자,-,-,-
2016,구미시,복분자,-,-,-
2017,구미시,복분자,-,-,-
2018,구미시,복분자,-,-,-
2019,구미시,복분자,-,-,-
2015,구미시,자두,21.6,229,"1,060.00"
2016,구미시,자두,24.6,347,"1,410.60"
2017,구미시,자두,18.2,256.7,"1,410.40"
2018,구미시,자두,25.6,293.1,"1,144.90"
2019,구미시,자두,30,191,637
2015,구미시,살구,-,-,-
2016,구미시,살구,-,-,-
2017,구미시,살구,-,-,-
2018,구미시,살구,-,-,-
2019,구미시,살구,-,-,-
2015,군위군,사과,765,"10,977","1,434"
2016,군위군,사과,758,"14,820","1,955"
2017,군위군,사과,745,"13,383","1,796"
2018,군위군,사과,745,"12,984","1,743"
2019,군위군,사과,746,"13,050","1,749"
2015,군위군,배,15,256,"1,703"
2016,군위군,배,15,285,"1,900"
2017,군위군,배,13,281,"2,162"
2018,군위군,배,13,242,"1,862"
2019,군위군,배,13,233,"1,792"
2015,군위군,복숭아,43,562,"1,319"
2016,군위군,복숭아,43,676,"1,572"
2017,군위군,복숭아,54,968,"1,793"
2018,군위군,복숭아,57,905,"1,588"
2019,군위군,복숭아,55,889,"1,616"
2017,청송군,포도,2.7,31.2,"1,155.60"
2018,구미시,포도,48,558,"1,162.50"
2016,포항시,포도,4.9,57.2,"1,166.00"
2017,포항시,포도,5,58,"1,168.00"
2019,구미시,포도,52,613,"1,179"
2015,군위군,감,8.4,119,"1,413"
2016,군위군,감,8.4,129,"1,536"
2017,군위군,감,7.4,111,"1,500"
2018,군위군,감,6.3,95,"1,508"
2019,군위군,감,6.1,90,"1,475"
2015,군위군,대추,-,-,-
2016,군위군,대추,-,-,-
2017,군위군,대추,-,-,-
2018,군위군,대추,-,-,-
2019,군위군,대추,-,-,-
2015,군위군,감귤,-,-,-
2016,군위군,감귤,-,-,-
2017,군위군,감귤,-,-,-
2018,군위군,감귤,-,-,-
2019,군위군,감귤,-,-,-
2015,군위군,체리,-,-,-
2016,군위군,체리,-,-,-
2017,군위군,체리,-,-,-
2018,군위군,체리,-,-,-
2019,군위군,체리,-,-,-
2015,군위군,오디,-,-,-
2016,군위군,오디,-,-,-
2017,군위군,오디,-,-,-
2018,군위군,오디,-,-,-
2019,군위군,오디,-,-,-
2015,군위군,산딸기,-,-,-
2016,군위군,산딸기,-,-,-
2017,군위군,산딸기,-,-,-
2018,군위군,산딸기,-,-,-
2019,군위군,산딸기,-,-,-
2015,군위군,복분자,-,-,-
2016,군위군,복분자,-,-,-
2017,군위군,복분자,-,-,-
2018,군위군,복분자,-,-,-
2019,군위군,복분자,-,-,-
2015,군위군,자두,196,"2,027","1,033"
2016,군위군,자두,217,"2,339","1,078"
2017,군위군,자두,208,"2,381","1,145"
2018,군위군,자두,206,"2,335","1,133"
2019,군위군,자두,222,"2,520","1,135"
2015,군위군,살구,-,-,-
2016,군위군,살구,-,-,-
2017,군위군,살구,-,-,-
2018,군위군,살구,-,-,-
2019,군위군,살구,-,-,-
2015,김천시,사과,382.4,"5,648.00","1,477.00"
2016,김천시,사과,406.8,"6,011.20","1,477.70"
2017,김천시,사과,428.9,"6,241.00","1,455.10"
2018,김천시,사과,431.3,"5,439.00","1,261.00"
2019,김천시,사과,422.7,"5,306.00","1,255.30"
2015,김천시,배,270.3,"3,433.00","1,270.10"
2016,김천시,배,323.6,"3,830.90","1,183.80"
2017,김천시,배,321.5,"6,275.30","1,951.90"
2018,김천시,배,311.1,"5,692.00","1,829.60"
2019,김천시,배,211.6,"2,928.00","1,383.70"
2015,김천시,복숭아,299.8,"4,611.00","1,538.00"
2016,김천시,복숭아,307.8,"4,812.30","1,563.50"
2017,김천시,복숭아,334.1,"3,789.20","1,134.20"
2018,김천시,복숭아,355.9,"3,599.00","1,011.20"
2019,김천시,복숭아,320,"3,963.00","1,238.40"
2018,영양군,포도,8.9,105.9,"1,189.90"
2016,영양군,포도,18.4,219.3,"1,191.80"
2019,청도군,포도,23.3,281.6,"1,209.00"
2015,청송군,포도,5.4,65,"1,215.00"
2017,예천군,포도,2,24.7,"1,235.00"
2015,김천시,감,156,"1,128.20",723.2
2016,김천시,감,132.7,"1,129.70",851.3
2017,김천시,감,166.2,"1,408.50",847.5
2018,김천시,감,210.1,"1,695.00",806.7
2019,김천시,감,29,257,886.2
2015,김천시,대추,-,-,-
2016,김천시,대추,-,-,-
2017,김천시,대추,-,-,-
2018,김천시,대추,-,-,-
2019,김천시,대추,-,-,-
2015,김천시,감귤,-,-,-
2016,김천시,감귤,-,-,-
2017,김천시,감귤,-,-,-
2018,김천시,감귤,-,-,-
2019,김천시,감귤,-,-,-
2015,김천시,체리,-,-,-
2016,김천시,체리,-,-,-
2017,김천시,체리,-,-,-
2018,김천시,체리,-,-,-
2019,김천시,체리,-,-,-
2015,김천시,오디,-,-,-
2016,김천시,오디,-,-,-
2017,김천시,오디,-,-,-
2018,김천시,오디,-,-,-
2019,김천시,오디,-,-,-
2015,김천시,산딸기,-,-,-
2016,김천시,산딸기,-,-,-
2017,김천시,산딸기,-,-,-
2018,김천시,산딸기,-,-,-
2019,김천시,산딸기,-,-,-
2015,김천시,복분자,-,-,-
2016,김천시,복분자,-,-,-
2017,김천시,복분자,-,-,-
2018,김천시,복분자,-,-,-
2019,김천시,복분자,-,-,-
2015,김천시,자두,"1,144.00","9,777.00",854.6
2016,김천시,자두,"1,077.10","9,723.90",902.8
2017,김천시,자두,"1,098.40","9,701.50",883.2
2018,김천시,자두,"1,070.90","7,404.00",691.3
2019,김천시,자두,"1,007.00","8,221.00",816.4
2015,김천시,살구,-,-,-
2016,김천시,살구,-,-,-
2017,김천시,살구,-,-,-
2018,김천시,살구,-,-,-
2019,김천시,살구,-,-,-
2015,문경시,사과,"1,975.40","44,152.20","2,235.10"
2016,문경시,사과,"2,016.50","44,501.00","2,206.80"
2017,문경시,사과,"1,994.90","43,184.50","2,164.70"
2018,문경시,사과,"2,043.90","40,759.20","1,994.20"
2019,문경시,사과,"2,090.80","42,289.10","2,022.60"
2015,문경시,배,75.6,984.1,"1,301.70"
2016,문경시,배,71.7,"1,112.40","1,551.50"
2017,문경시,배,65,"1,000.00","1,538.50"
2018,문경시,배,67,"1,029.50","1,536.60"
2019,문경시,배,46.2,743.5,"1,609.30"
2015,문경시,복숭아,5.6,77.7,"1,387.50"
2016,문경시,복숭아,5.4,67.5,"1,250.00"
2017,문경시,복숭아,5.4,60.3,"1,116.70"
2018,문경시,복숭아,6.8,83.9,"1,233.80"
2019,문경시,복숭아,6.8,97,"1,426.50"
2018,예천군,포도,2,24.7,"1,235.00"
2019,영주시,포도,46.9,587.1,"1,251.80"
2018,안동시,포도,11,139.4,"1,267.00"
2018,영주시,포도,47.2,599.5,"1,270.10"
2019,김천시,포도,"2,646.30","34,396.00","1,299.80"
2015,문경시,감,138.6,"1,756.80","1,267.50"
2016,문경시,감,144.3,"1,685.80","1,168.30"
2017,문경시,감,142,"1,664.00","1,171.80"
2018,문경시,감,135.6,"1,564.00","1,153.40"
2019,문경시,감,149.1,"1,761.50","1,181.40"
2015,문경시,대추,-,-,-
2016,문경시,대추,-,-,-
2017,문경시,대추,-,-,-
2018,문경시,대추,-,-,-
2019,문경시,대추,-,-,-
2015,문경시,감귤,-,-,-
2016,문경시,감귤,-,-,-
2017,문경시,감귤,-,-,-
2018,문경시,감귤,-,-,-
2019,문경시,감귤,-,-,-
2015,문경시,체리,-,-,-
2016,문경시,체리,-,-,-
2017,문경시,체리,-,-,-
2018,문경시,체리,-,-,-
2019,문경시,체리,-,-,-
2015,문경시,오디,-,-,-
2016,문경시,오디,-,-,-
2017,문경시,오디,-,-,-
2018,문경시,오디,-,-,-
2019,문경시,오디,-,-,-
2015,문경시,산딸기,-,-,-
2016,문경시,산딸기,-,-,-
2017,문경시,산딸기,-,-,-
2018,문경시,산딸기,-,-,-
2019,문경시,산딸기,-,-,-
2015,문경시,복분자,-,-,-
2016,문경시,복분자,-,-,-
2017,문경시,복분자,-,-,-
2018,문경시,복분자,-,-,-
2019,문경시,복분자,-,-,-
2015,문경시,자두,-,-,-
2016,문경시,자두,-,-,-
2017,문경시,자두,-,-,-
2018,문경시,자두,-,-,-
2019,문경시,자두,-,-,-
2015,문경시,살구,-,-,-
2016,문경시,살구,-,-,-
2017,문경시,살구,-,-,-
2018,문경시,살구,-,-,-
2019,문경시,살구,-,-,-
2015,봉화군,사과,"2,000.00","31,950.00","1,597.50"
2016,봉화군,사과,"2,086.00","41,310.00","1,980.00"
2017,봉화군,사과,"2,156.00","38,203.00","1,772.00"
2018,봉화군,사과,"2,224.00","37,052.00","1,666.00"
2019,봉화군,사과,"2,241.00","40,064.00","1,788.00"
2015,봉화군,배,-,-,-
2016,봉화군,배,-,-,-
2017,봉화군,배,-,-,-
2018,봉화군,배,-,-,-
2019,봉화군,배,-,-,-
2015,봉화군,복숭아,4,53,"1,280.50"
2016,봉화군,복숭아,2,25,"1,167.00"
2017,봉화군,복숭아,4,29,765
2018,봉화군,복숭아,4,46,"1,072.00"
2019,봉화군,복숭아,5,55,"1,100.00"
2017,영주시,포도,46.8,615.2,"1,314.50"
2017,김천시,포도,"2,448.20","33,215.50","1,356.70"
2015,포항시,포도,5.4,73.5,"1,361.10"
2015,문경시,포도,7.9,111.2,"1,407.60"
2018,김천시,포도,"2,139.90","30,516.00","1,426.00"
2015,봉화군,감,-,-,-
2016,봉화군,감,-,-,-
2017,봉화군,감,-,-,-
2018,봉화군,감,-,-,-
2019,봉화군,감,-,-,-
2015,봉화군,대추,27,119,446
2016,봉화군,대추,23,101,437
2017,봉화군,대추,15,55,359
2018,봉화군,대추,12,33,278
2019,봉화군,대추,17,33,194
2015,봉화군,감귤,-,-,-
2016,봉화군,감귤,-,-,-
2017,봉화군,감귤,-,-,-
2018,봉화군,감귤,-,-,-
2019,봉화군,감귤,-,-,-
2015,봉화군,체리,-,-,-
2016,봉화군,체리,-,-,-
2017,봉화군,체리,-,-,-
2018,봉화군,체리,-,-,-
2019,봉화군,체리,-,-,-
2015,봉화군,오디,-,-,-
2016,봉화군,오디,-,-,-
2017,봉화군,오디,-,-,-
2018,봉화군,오디,-,-,-
2019,봉화군,오디,-,-,-
2015,봉화군,산딸기,-,-,-
2016,봉화군,산딸기,-,-,-
2017,봉화군,산딸기,-,-,-
2018,봉화군,산딸기,-,-,-
2019,봉화군,산딸기,-,-,-
2015,봉화군,복분자,-,-,-
2016,봉화군,복분자,-,-,-
2017,봉화군,복분자,-,-,-
2018,봉화군,복분자,-,-,-
2019,봉화군,복분자,-,-,-
2015,봉화군,자두,43,363,836
2016,봉화군,자두,43,371,865
2017,봉화군,자두,53,453,852
2018,봉화군,자두,70,403,573
2019,봉화군,자두,96,823,857
2015,봉화군,살구,-,-,-
2016,봉화군,살구,-,-,-
2017,봉화군,살구,-,-,-
2018,봉화군,살구,-,-,-
2019,봉화군,살구,-,-,-
2015,상주시,사과,982.5,"16,879.60","1,718.00"
2016,상주시,사과,993.5,"20,251.10","2,038.40"
2017,상주시,사과,688,"15,934.00","2,315.00"
2018,상주시,사과,678.6,"11,169.00","1,645.90"
2019,상주시,사과,792.6,"14,647.50","1,848.00"
2015,상주시,배,"1,007.60","19,193.80","1,904.90"
2016,상주시,배,"1,032.80","24,340.30","2,356.70"
2017,상주시,배,923,"16,875.00","1,828.00"
2018,상주시,배,861.5,"13,696.00","1,589.80"
2019,상주시,배,991.1,"17,147.30","1,730.10"
2015,상주시,복숭아,315.3,"3,814.00","1,209.60"
2016,상주시,복숭아,344.6,"4,885.70","1,417.80"
2017,상주시,복숭아,440,"5,167.00","1,174.00"
2018,상주시,복숭아,474.7,"5,624.00","1,184.70"
2019,상주시,복숭아,408.9,"4,800.00","1,173.90"
2017,안동시,포도,13.7,196.5,"1,434.00"
2016,문경시,포도,7.8,112.3,"1,439.70"
2015,예천군,포도,6.2,91.5,"1,476.00"
2018,봉화군,포도,0,5,"1,500.00"
2015,김천시,포도,"2,203.40","33,099.00","1,502.20"
2015,상주시,감,"1,272.80","16,310.00","1,281.40"
2016,상주시,감,"1,362.70","23,817.40","1,748.00"
2017,상주시,감,"1,950.00","22,601.00","1,159.00"
2018,상주시,감,"1,472.90","22,630.00","1,536.40"
2019,상주시,감,"1,525.60","1,999.30",131.1
2015,상주시,대추,-,-,-
2016,상주시,대추,-,-,-
2017,상주시,대추,-,-,-
2018,상주시,대추,-,-,-
2019,상주시,대추,-,-,-
2015,상주시,감귤,-,-,-
2016,상주시,감귤,-,-,-
2017,상주시,감귤,-,-,-
2018,상주시,감귤,-,-,-
2019,상주시,감귤,-,-,-
2015,상주시,체리,-,-,-
2016,상주시,체리,-,-,-
2017,상주시,체리,-,-,-
2018,상주시,체리,-,-,-
2019,상주시,체리,-,-,-
2015,상주시,오디,-,-,-
2016,상주시,오디,-,-,-
2017,상주시,오디,-,-,-
2018,상주시,오디,-,-,-
2019,상주시,오디,-,-,-
2015,상주시,산딸기,-,-,-
2016,상주시,산딸기,-,-,-
2017,상주시,산딸기,-,-,-
2018,상주시,산딸기,-,-,-
2019,상주시,산딸기,-,-,-
2015,상주시,복분자,-,-,-
2016,상주시,복분자,-,-,-
2017,상주시,복분자,-,-,-
2018,상주시,복분자,-,-,-
2019,상주시,복분자,-,-,-
2015,상주시,자두,28.4,331.1,"1,165.80"
2016,상주시,자두,25.1,355.1,"1,414.70"
2017,상주시,자두,15.6,230,"1,474.00"
2018,상주시,자두,24.6,231,939
2019,상주시,자두,26.6,"1,071.10","4,026.70"
2015,상주시,살구,-,-,-
2016,상주시,살구,-,-,-
2017,상주시,살구,-,-,-
2018,상주시,살구,-,-,-
2019,상주시,살구,-,-,-
2015,성주군,사과,157.4,"2,949.90","1,874.10"
2016,성주군,사과,158.9,"3,159.00","1,988.00"
2017,성주군,사과,163.4,"3,168.10","1,938.90"
2018,성주군,사과,150.9,"2,911.50","1,929.40"
2019,성주군,사과,148.6,"2,765.70","1,861.20"
2015,성주군,배,24.5,197.8,807.3
2016,성주군,배,19.9,169,849.2
2017,성주군,배,19.7,181.6,921.8
2018,성주군,배,13.2,68.3,517.4
2019,성주군,배,8.5,175.7,"2,067.10"
2015,성주군,복숭아,3,34.4,"1,146.70"
2016,성주군,복숭아,4.3,39,907
2017,성주군,복숭아,4.3,39,907
2018,성주군,복숭아,8.7,77.3,888.5
2019,성주군,복숭아,12.6,164.9,"1,308.70"
2016,구미시,포도,49.6,753.2,"1,518.50"
2017,문경시,포도,6.4,97.2,"1,518.80"
2017,구미시,포도,33.9,515,"1,519.20"
2019,영덕군,포도,28,430,"1,536"
2019,경산시,포도,"1,121.40","17,459.80","1,557.00"
2015,성주군,감,14.7,141,959.2
2016,성주군,감,15.3,96,627.5
2017,성주군,감,18.2,139.1,764.3
2018,성주군,감,19.9,118.2,594
2019,성주군,감,16.2,177.4,"1,095.10"
2015,성주군,대추,-,-,-
2016,성주군,대추,-,-,-
2017,성주군,대추,-,-,-
2018,성주군,대추,-,-,-
2019,성주군,대추,-,-,-
2015,성주군,감귤,-,-,-
2016,성주군,감귤,-,-,-
2017,성주군,감귤,-,-,-
2018,성주군,감귤,-,-,-
2019,성주군,감귤,-,-,-
2015,성주군,체리,-,-,-
2016,성주군,체리,-,-,-
2017,성주군,체리,-,-,-
2018,성주군,체리,-,-,-
2019,성주군,체리,-,-,-
2015,성주군,오디,-,-,-
2016,성주군,오디,-,-,-
2017,성주군,오디,-,-,-
2018,성주군,오디,-,-,-
2019,성주군,오디,-,-,-
2015,성주군,산딸기,-,-,-
2016,성주군,산딸기,-,-,-
2017,성주군,산딸기,-,-,-
2018,성주군,산딸기,-,-,-
2019,성주군,산딸기,-,-,-
2015,성주군,복분자,-,-,-
2016,성주군,복분자,-,-,-
2017,성주군,복분자,-,-,-
2018,성주군,복분자,-,-,-
2019,성주군,복분자,-,-,-
2015,성주군,자두,42.5,274.9,646.8
2016,성주군,자두,22.2,170,765.8
2017,성주군,자두,30.4,229.5,754.9
2018,성주군,자두,33.6,166.3,494.9
2019,성주군,자두,31.9,255.3,800.3
2015,성주군,살구,-,-,-
2016,성주군,살구,-,-,-
2017,성주군,살구,-,-,-
2018,성주군,살구,-,-,-
2019,성주군,살구,-,-,-
2015,안동시,사과,"3,088.00","70,737.00","2,291.00"
2016,안동시,사과,"3,181.00","69,229.00","2,177.00"
2017,안동시,사과,"3,211.00","70,161.00","2,185.00"
2018,안동시,사과,"3,248.00","61,884.00","1,905.00"
2019,안동시,사과,"3,190.00","59,418.00","1,862.00"
2015,안동시,배,27.4,355.8,"1,299.00"
2016,안동시,배,33.5,493.5,"1,473.00"
2017,안동시,배,27.9,399,"1,430.00"
2018,안동시,배,26.4,341.7,"1,294.00"
2019,안동시,배,27.3,341,"1,249.00"
2015,안동시,복숭아,84,"1,172.20","1,395.00"
2016,안동시,복숭아,95.2,"1,527.70","1,605.00"
2017,안동시,복숭아,96.8,"1,529.50","1,580.00"
2018,안동시,복숭아,112.3,"1,695.60","1,510.00"
2019,안동시,복숭아,115.3,"1,692.80","1,468.00"
2016,김천시,포도,"2,120.90","33,035.70","1,557.60"
2016,경주시,포도,115,"1,808.00","1,571.00"
2015,구미시,포도,68,"1,078.00","1,585.00"
2018,군위군,포도,22,350,"1,591"
2019,경주시,포도,104,"1,664.00","1,600.00"
2015,안동시,감,17.6,248,"1,409.00"
2016,안동시,감,4.5,44,978
2017,안동시,감,11.4,162,"1,421.00"
2018,안동시,감,11.5,73.1,636
2019,안동시,감,12.8,70,547
2015,안동시,대추,-,-,-
2016,안동시,대추,-,-,-
2017,안동시,대추,-,-,-
2018,안동시,대추,-,-,-
2019,안동시,대추,-,-,-
2015,안동시,감귤,-,-,-
2016,안동시,감귤,-,-,-
2017,안동시,감귤,-,-,-
2018,안동시,감귤,-,-,-
2019,안동시,감귤,-,-,-
2015,안동시,체리,-,-,-
2016,안동시,체리,-,-,-
2017,안동시,체리,-,-,-
2018,안동시,체리,-,-,-
2019,안동시,체리,-,-,-
2015,안동시,오디,-,-,-
2016,안동시,오디,-,-,-
2017,안동시,오디,-,-,-
2018,안동시,오디,-,-,-
2019,안동시,오디,-,-,-
2015,안동시,산딸기,-,-,-
2016,안동시,산딸기,-,-,-
2017,안동시,산딸기,-,-,-
2018,안동시,산딸기,-,-,-
2019,안동시,산딸기,-,-,-
2015,안동시,복분자,-,-,-
2016,안동시,복분자,-,-,-
2017,안동시,복분자,-,-,-
2018,안동시,복분자,-,-,-
2019,안동시,복분자,-,-,-
2015,안동시,자두,-,-,-
2016,안동시,자두,-,-,-
2017,안동시,자두,-,-,-
2018,안동시,자두,-,-,-
2019,안동시,자두,-,-,-
2015,안동시,살구,-,-,-
2016,안동시,살구,-,-,-
2017,안동시,살구,-,-,-
2018,안동시,살구,-,-,-
2019,안동시,살구,-,-,-
2015,영덕군,사과,536,"10,974","2,047"
2016,영덕군,사과,560,"12,822","2,290"
2017,영덕군,사과,560,"12,237","2,185"
2018,영덕군,사과,560,"10,500","1,875"
2019,영덕군,사과,562,"10,300","1,833"
2015,영덕군,배,92,"1,294","1,407"
2016,영덕군,배,70,"1,005","1,436"
2017,영덕군,배,70,"1,105","1,579"
2018,영덕군,배,71,"1,005","1,415"
2019,영덕군,배,71,"1,000","1,408"
2015,영덕군,복숭아,268,"4,736","1,767"
2016,영덕군,복숭아,285,"5,139","1,803"
2017,영덕군,복숭아,290,"4,582","1,580"
2018,영덕군,복숭아,291,"4,100","1,409"
2019,영덕군,복숭아,282,"3,400","1,206"
2016,영덕군,포도,31,496,"1,600"
2018,성주군,포도,6.4,102.5,"1,601.60"
2017,군위군,포도,26,417,"1,604"
2019,영천시,포도,"1,923.70","31,065.60","1,614.90"
2019,군위군,포도,20,323,"1,615"
2015,영덕군,감,56,740,"1,321"
2016,영덕군,감,56,773,"1,380"
2017,영덕군,감,42,749,"1,783"
2018,영덕군,감,38,748,"1,968"
2019,영덕군,감,38,698,"1,837"
2015,영덕군,대추,-,-,-
2016,영덕군,대추,-,-,-
2017,영덕군,대추,-,-,-
2018,영덕군,대추,-,-,-
2019,영덕군,대추,-,-,-
2015,영덕군,감귤,-,-,-
2016,영덕군,감귤,-,-,-
2017,영덕군,감귤,-,-,-
2018,영덕군,감귤,-,-,-
2019,영덕군,감귤,-,-,-
2015,영덕군,체리,-,-,-
2016,영덕군,체리,-,-,-
2017,영덕군,체리,-,-,-
2018,영덕군,체리,-,-,-
2019,영덕군,체리,-,-,-
2015,영덕군,오디,-,-,-
2016,영덕군,오디,-,-,-
2017,영덕군,오디,-,-,-
2018,영덕군,오디,-,-,-
2019,영덕군,오디,-,-,-
2015,영덕군,산딸기,-,-,-
2016,영덕군,산딸기,-,-,-
2017,영덕군,산딸기,-,-,-
2018,영덕군,산딸기,-,-,-
2019,영덕군,산딸기,-,-,-
2015,영덕군,복분자,-,-,-
2016,영덕군,복분자,-,-,-
2017,영덕군,복분자,-,-,-
2018,영덕군,복분자,-,-,-
2019,영덕군,복분자,-,-,-
2015,영덕군,자두,-,-,-
2016,영덕군,자두,-,-,-
2017,영덕군,자두,-,-,-
2018,영덕군,자두,-,-,-
2019,영덕군,자두,-,-,-
2015,영덕군,살구,-,-,-
2016,영덕군,살구,-,-,-
2017,영덕군,살구,-,-,-
2018,영덕군,살구,-,-,-
2019,영덕군,살구,-,-,-
2015,영양군,사과,583.2,"10,490.20","1,798.70"
2016,영양군,사과,556.1,"10,852.50","1,951.50"
2017,영양군,사과,580.6,"10,101.60","1,739.90"
2018,영양군,사과,575,"10,708.00","1,862.30"
2019,영양군,사과,579.4,"10,690.00","1,845.00"
2015,영양군,배,17.3,351.9,"2,034.10"
2016,영양군,배,20.2,403.5,"1,998.00"
2017,영양군,배,20.1,336.5,"1,674.10"
2018,영양군,배,8.3,150.4,"1,812.00"
2019,영양군,배,7.6,126,"1,657.90"
2015,영양군,복숭아,25.3,271,"1,071.10"
2016,영양군,복숭아,20.8,262.2,"1,260.60"
2017,영양군,복숭아,26.6,335.5,"1,261.30"
2018,영양군,복숭아,21.5,347.3,"1,615.30"
2019,영양군,복숭아,16.5,238,"1,442.40"
2015,청도군,포도,24.3,392.8,"1,616.50"
2015,군위군,포도,29,475,"1,617"
2017,경산시,포도,"1,145.80","18,639.50","1,626.80"
2018,경산시,포도,"1,171.10","19,192.20","1,638.80"
2016,영주시,포도,62.4,"1,032.90","1,655.30"
2015,영양군,감,-,-,-
2016,영양군,감,-,-,-
2017,영양군,감,-,-,-
2018,영양군,감,-,-,-
2019,영양군,감,-,-,-
2015,영양군,대추,-,-,-
2016,영양군,대추,-,-,-
2017,영양군,대추,-,-,-
2018,영양군,대추,-,-,-
2019,영양군,대추,-,-,-
2015,영양군,감귤,-,-,-
2016,영양군,감귤,-,-,-
2017,영양군,감귤,-,-,-
2018,영양군,감귤,-,-,-
2019,영양군,감귤,-,-,-
2015,영양군,체리,-,-,-
2016,영양군,체리,-,-,-
2017,영양군,체리,-,-,-
2018,영양군,체리,-,-,-
2019,영양군,체리,-,-,-
2015,영양군,오디,-,-,-
2016,영양군,오디,-,-,-
2017,영양군,오디,-,-,-
2018,영양군,오디,-,-,-
2019,영양군,오디,-,-,-
2015,영양군,산딸기,-,-,-
2016,영양군,산딸기,-,-,-
2017,영양군,산딸기,-,-,-
2018,영양군,산딸기,-,-,-
2019,영양군,산딸기,-,-,-
2015,영양군,복분자,-,-,-
2016,영양군,복분자,-,-,-
2017,영양군,복분자,-,-,-
2018,영양군,복분자,-,-,-
2019,영양군,복분자,-,-,-
2015,영양군,자두,-,-,-
2016,영양군,자두,-,-,-
2017,영양군,자두,-,-,-
2018,영양군,자두,-,-,-
2019,영양군,자두,-,-,-
2015,영양군,살구,-,-,-
2016,영양군,살구,-,-,-
2017,영양군,살구,-,-,-
2018,영양군,살구,-,-,-
2019,영양군,살구,-,-,-
2015,영주시,사과,"3,296.00","100,514.00","3,049.60"
2016,영주시,사과,"3,332.90","99,642.20","2,989.60"
2017,영주시,사과,"3,304.20","84,587.00","2,560.00"
2018,영주시,사과,"3,320.90","82,124.20","2,473.00"
2019,영주시,사과,"3,408.40","92,888.40","2,725.30"
2015,영주시,배,2,36,"1,800.00"
2016,영주시,배,1.2,16.9,"1,408.30"
2017,영주시,배,1.7,15.8,929.4
2018,영주시,배,1.7,17,"1,000.00"
2019,영주시,배,1.7,19.4,"1,141.20"
2015,영주시,복숭아,171,"2,122.00","1,240.00"
2016,영주시,복숭아,157.7,"1,928.90","1,223.10"
2017,영주시,복숭아,174.7,"2,106.60","1,205.80"
2018,영주시,복숭아,175.7,"1,760.80","1,002.20"
2019,영주시,복숭아,182.9,"3,217.00","1,758.90"
2019,상주시,포도,"1,699.60","28,243.30","1,661.80"
2019,청송군,포도,3,50.6,"1,686.70"
2018,영천시,포도,"1,815.00","30,627.00","1,687.40"
2018,경주시,포도,104,"1,945.00","1,690.00"
2017,경주시,포도,115,"1,950.00","1,695.00"
2015,영주시,감,2,28,"1,400.00"
2016,영주시,감,1.5,18.7,"1,246.70"
2017,영주시,감,1.9,18.4,968.4
2018,영주시,감,1.5,17,"1,133.00"
2019,영주시,감,7.3,38.1,521.9
2015,영주시,대추,-,-,-
2016,영주시,대추,-,-,-
2017,영주시,대추,-,-,-
2018,영주시,대추,-,-,-
2019,영주시,대추,-,-,-
2015,영주시,감귤,-,-,-
2016,영주시,감귤,-,-,-
2017,영주시,감귤,-,-,-
2018,영주시,감귤,-,-,-
2019,영주시,감귤,-,-,-
2015,영주시,체리,-,-,-
2016,영주시,체리,-,-,-
2017,영주시,체리,-,-,-
2018,영주시,체리,-,-,-
2019,영주시,체리,-,-,-
2015,영주시,오디,-,-,-
2016,영주시,오디,-,-,-
2017,영주시,오디,-,-,-
2018,영주시,오디,-,-,-
2019,영주시,오디,-,-,-
2015,영주시,산딸기,-,-,-
2016,영주시,산딸기,-,-,-
2017,영주시,산딸기,-,-,-
2018,영주시,산딸기,-,-,-
2019,영주시,산딸기,-,-,-
2015,영주시,복분자,-,-,-
2016,영주시,복분자,-,-,-
2017,영주시,복분자,-,-,-
2018,영주시,복분자,-,-,-
2019,영주시,복분자,-,-,-
2015,영주시,자두,-,-,-
2016,영주시,자두,-,-,-
2017,영주시,자두,-,-,-
2018,영주시,자두,-,-,-
2019,영주시,자두,-,-,-
2015,영주시,살구,-,-,-
2016,영주시,살구,-,-,-
2017,영주시,살구,-,-,-
2018,영주시,살구,-,-,-
2019,영주시,살구,-,-,-
2015,영천시,사과,716.5,"19,675.40","2,746.00"
2016,영천시,사과,700.3,"15,339.00","2,190.00"
2017,영천시,사과,700.9,"15,317.00","2,185.00"
2018,영천시,사과,672,"13,241.00","1,970.40"
2019,영천시,사과,666.8,"13,061.10","1,958.80"
2015,영천시,배,136,"2,272.60","1,671.00"
2016,영천시,배,135.2,"2,229.00","1,649.00"
2017,영천시,배,133.5,"2,284.00","1,711.00"
2018,영천시,배,130.3,"2,159.00","1,656.90"
2019,영천시,배,132.1,"3,775.40","2,858.00"
2015,영천시,복숭아,"1,303.60","22,305.90","1,711.10"
2016,영천시,복숭아,"1,366.00","22,767.00","1,667.00"
2017,영천시,복숭아,"1,422.40","21,101.00","1,483.50"
2018,영천시,복숭아,"1,490.10","21,700.00","1,456.30"
2019,영천시,복숭아,"2,128.80","31,115.00","1,461.60"
2015,영천시,포도,"2,327.10","39,632.70","1,703.10"
2018,영덕군,포도,28,480,"1,714"
2016,영천시,포도,"2,043.00","35,020.00","1,714.10"
2016,군위군,포도,29,503,"1,734"
2015,칠곡군,포도,155.5,"2,705.60","1,739.90"
2015,영천시,감,26.9,276.2,"1,026.80"
2016,영천시,감,33.1,308,930.5
2017,영천시,감,36.2,304,839.8
2018,영천시,감,29.4,296,"1,006.80"
2019,영천시,감,32,313.6,980
2015,영천시,대추,-,-,-
2016,영천시,대추,-,-,-
2017,영천시,대추,-,-,-
2018,영천시,대추,-,-,-
2019,영천시,대추,-,-,-
2015,영천시,감귤,-,-,-
2016,영천시,감귤,-,-,-
2017,영천시,감귤,-,-,-
2018,영천시,감귤,-,-,-
2019,영천시,감귤,-,-,-
2015,영천시,체리,-,-,-
2016,영천시,체리,-,-,-
2017,영천시,체리,-,-,-
2018,영천시,체리,-,-,-
2019,영천시,체리,-,-,-
2015,영천시,오디,-,-,-
2016,영천시,오디,-,-,-
2017,영천시,오디,-,-,-
2018,영천시,오디,-,-,-
2019,영천시,오디,-,-,-
2015,영천시,산딸기,-,-,-
2016,영천시,산딸기,-,-,-
2017,영천시,산딸기,-,-,-
2018,영천시,산딸기,-,-,-
2019,영천시,산딸기,-,-,-
2015,영천시,복분자,-,-,-
2016,영천시,복분자,-,-,-
2017,영천시,복분자,-,-,-
2018,영천시,복분자,-,-,-
2019,영천시,복분자,-,-,-
2015,영천시,자두,308.7,"3,000.70",972
2016,영천시,자두,316,"3,048.00",965
2017,영천시,자두,341.6,"3,161.00",925
2018,영천시,자두,375,"2,947.00",785.9
2019,영천시,자두,361.2,"4,782.00","1,323.90"
2015,영천시,살구,56,481.3,859.5
2016,영천시,살구,58.3,486,834
2017,영천시,살구,61.7,509,825
2018,영천시,살구,59.7,505,845.9
2019,영천시,살구,63,552.3,876.7
2015,예천군,사과,"1,010.60","18,406.70","1,821.40"
2016,예천군,사과,"1,006.90","18,020.70","1,790.00"
2017,예천군,사과,"1,032.20","18,952.40","1,836.00"
2018,예천군,사과,976.5,"16,182.70","1,657.00"
2019,예천군,사과,909.1,"15,463.00","1,700.90"
2015,예천군,배,81.6,"1,880.50","2,304.50"
2016,예천군,배,43,963,"2,240.00"
2017,예천군,배,36.1,899.9,"2,493.00"
2018,예천군,배,30.7,760.3,"2,477.00"
2019,예천군,배,26,684,"2,630.80"
2015,예천군,복숭아,92.8,"1,447.30","1,559.60"
2016,예천군,복숭아,93.2,"1,526.10","1,637.00"
2017,예천군,복숭아,87.4,"1,347.00","1,541.00"
2018,예천군,복숭아,93.2,"1,370.90","1,471.00"
2019,예천군,복숭아,62,648,"1,045.20"
2015,안동시,포도,20.8,370.4,"1,781.00"
2017,영천시,포도,"1,898.40","34,407.00","1,812.40"
2016,안동시,포도,17.6,321.8,"1,828.00"
2015,경산시,포도,"1,608.00","29,433.00","1,830.40"
2017,영덕군,포도,27,495,"1,833"
2015,예천군,감,116.9,"1,033.60",884.2
2016,예천군,감,108.8,974.1,895
2017,예천군,감,94.6,952.9,"1,007.30"
2018,예천군,감,77.3,738.6,955.5
2019,예천군,감,84,823,979.8
2015,예천군,대추,-,-,-
2016,예천군,대추,-,-,-
2017,예천군,대추,-,-,-
2018,예천군,대추,-,-,-
2019,예천군,대추,-,-,-
2015,예천군,감귤,-,-,-
2016,예천군,감귤,-,-,-
2017,예천군,감귤,-,-,-
2018,예천군,감귤,-,-,-
2019,예천군,감귤,-,-,-
2015,예천군,체리,-,-,-
2016,예천군,체리,-,-,-
2017,예천군,체리,-,-,-
2018,예천군,체리,-,-,-
2019,예천군,체리,-,-,-
2015,예천군,오디,-,-,-
2016,예천군,오디,-,-,-
2017,예천군,오디,-,-,-
2018,예천군,오디,-,-,-
2019,예천군,오디,-,-,-
2015,예천군,산딸기,-,-,-
2016,예천군,산딸기,-,-,-
2017,예천군,산딸기,-,-,-
2018,예천군,산딸기,-,-,-
2019,예천군,산딸기,-,-,-
2015,예천군,복분자,-,-,-
2016,예천군,복분자,-,-,-
2017,예천군,복분자,-,-,-
2018,예천군,복분자,-,-,-
2019,예천군,복분자,-,-,-
2015,예천군,자두,18.8,201.7,"1,072.90"
2016,예천군,자두,19.4,213,"1,098.00"
2017,예천군,자두,24.5,282.3,"1,152.00"
2018,예천군,자두,29.8,326.7,"1,095.00"
2019,예천군,자두,32.8,34,103.7
2015,예천군,살구,-,-,-
2016,예천군,살구,-,-,-
2017,예천군,살구,-,-,-
2018,예천군,살구,-,-,-
2019,예천군,살구,-,-,-
2015,울진군,사과,2.8,30.6,"1,092.90"
2016,울진군,사과,6.4,57,890.6
2017,울진군,사과,4.5,55.6,"1,235.60"
2018,울진군,사과,4.7,56,"1,191.50"
2019,울진군,사과,20,114.2,571
2015,울진군,배,0.5,9.5,"1,900.00"
2016,울진군,배,1.5,8.5,566.7
2017,울진군,배,0.8,10.1,"1,262.50"
2018,울진군,배,1.3,9.9,761.5
2019,울진군,배,1,19,"1,900.00"
2015,울진군,복숭아,0.4,1.6,400
2016,울진군,복숭아,1.2,16.5,"1,375.00"
2017,울진군,복숭아,0.5,5,"1,000.00"
2018,울진군,복숭아,0.7,5.5,785.7
2019,울진군,복숭아,2.2,10.4,473
2017,청도군,포도,21.5,396,"1,842.00"
2015,영양군,포도,13.6,255,"1,875.00"
2016,경산시,포도,982.7,"19,220.00","1,955.80"
2016,청도군,포도,21.6,424,"1,963.00"
2015,영덕군,포도,35,690,"1,971"
2015,울진군,감,43.5,449,"1,032.00"
2016,울진군,감,43.3,393,907.6
2017,울진군,감,41.5,416.5,"1,003.60"
2018,울진군,감,43.1,441,"1,023.20"
2019,울진군,감,97.3,998.6,"1,026.50"
2015,울진군,대추,-,-,-
2016,울진군,대추,-,-,-
2017,울진군,대추,-,-,-
2018,울진군,대추,-,-,-
2019,울진군,대추,-,-,-
2015,울진군,감귤,-,-,-
2016,울진군,감귤,-,-,-
2017,울진군,감귤,-,-,-
2018,울진군,감귤,-,-,-
2019,울진군,감귤,-,-,-
2015,울진군,체리,-,-,-
2016,울진군,체리,-,-,-
2017,울진군,체리,-,-,-
2018,울진군,체리,-,-,-
2019,울진군,체리,-,-,-
2015,울진군,오디,-,-,-
2016,울진군,오디,-,-,-
2017,울진군,오디,-,-,-
2018,울진군,오디,-,-,-
2019,울진군,오디,-,-,-
2015,울진군,산딸기,-,-,-
2016,울진군,산딸기,-,-,-
2017,울진군,산딸기,-,-,-
2018,울진군,산딸기,-,-,-
2019,울진군,산딸기,-,-,-
2015,울진군,복분자,-,-,-
2016,울진군,복분자,-,-,-
2017,울진군,복분자,-,-,-
2018,울진군,복분자,-,-,-
2019,울진군,복분자,-,-,-
2015,울진군,자두,-,-,-
2016,울진군,자두,-,-,-
2017,울진군,자두,-,-,-
2018,울진군,자두,-,-,-
2019,울진군,자두,-,-,-
2015,울진군,살구,-,-,-
2016,울진군,살구,-,-,-
2017,울진군,살구,-,-,-
2018,울진군,살구,-,-,-
2019,울진군,살구,-,-,-
2015,의성군,사과,"2,646.80","63,221.70","2,615.20"
2016,의성군,사과,"2,679.20","57,927.50","2,340.00"
2017,의성군,사과,"2,699.60","55,895.00","2,262.00"
2018,의성군,사과,"2,289.30","45,494.00","1,987.00"
2019,의성군,사과,"2,445.00","47,351.30","1,936.70"
2015,의성군,배,37.1,610.2,"1,643.40"
2016,의성군,배,34.3,616.7,"1,640.00"
2017,의성군,배,23.5,394,"1,674.00"
2018,의성군,배,22.8,369,"1,619.00"
2019,의성군,배,18.3,325.8,"1,776.90"
2015,의성군,복숭아,469.7,"7,635.50","1,830.30"
2016,의성군,복숭아,526.7,"8,921.30","1,890.00"
2017,의성군,복숭아,577.6,"9,884.00","1,903.00"
2018,의성군,복숭아,548.4,"10,276.00","4,273.00"
2019,의성군,복숭아,613.5,"10,545.30","1,719.00"
2018,청송군,포도,1.6,31.6,"1,975.00"
2018,청도군,포도,21.6,429,"1,986.00"
2017,성주군,포도,7.3,148.1,"2,028.80"
2016,의성군,포도,36,724.4,"2,034.80"
2017,상주시,포도,"1,803.00","37,153.00","2,060.00"
2015,의성군,감,88.4,912.7,"1,102.60"
2016,의성군,감,102.3,"1,246.50","1,100.20"
2017,의성군,감,90.2,"1,003.00","1,112.00"
2018,의성군,감,90.6,955,"2,083.00"
2019,의성군,감,89.5,891.8,996.7
2015,의성군,대추,-,-,-
2016,의성군,대추,-,-,-
2017,의성군,대추,-,-,-
2018,의성군,대추,-,-,-
2019,의성군,대추,-,-,-
2015,의성군,감귤,-,-,-
2016,의성군,감귤,-,-,-
2017,의성군,감귤,-,-,-
2018,의성군,감귤,-,-,-
2019,의성군,감귤,-,-,-
2015,의성군,체리,-,-,-
2016,의성군,체리,-,-,-
2017,의성군,체리,-,-,-
2018,의성군,체리,-,-,-
2019,의성군,체리,-,-,-
2015,의성군,오디,-,-,-
2016,의성군,오디,-,-,-
2017,의성군,오디,-,-,-
2018,의성군,오디,-,-,-
2019,의성군,오디,-,-,-
2015,의성군,산딸기,-,-,-
2016,의성군,산딸기,-,-,-
2017,의성군,산딸기,-,-,-
2018,의성군,산딸기,-,-,-
2019,의성군,산딸기,-,-,-
2015,의성군,복분자,-,-,-
2016,의성군,복분자,-,-,-
2017,의성군,복분자,-,-,-
2018,의성군,복분자,-,-,-
2019,의성군,복분자,-,-,-
2015,의성군,자두,"1,263.80","16,231.60","1,330.00"
2016,의성군,자두,"1,335.20","17,308.30","1,340.70"
2017,의성군,자두,"1,317.20","17,805.00","1,403.00"
2018,의성군,자두,"1,257.10","16,351.00","2,301.00"
2019,의성군,자두,"1,297.30","16,804.60","1,295.40"
2015,의성군,살구,-,-,-
2016,의성군,살구,-,-,-
2017,의성군,살구,-,-,-
2018,의성군,살구,-,-,-
2019,의성군,살구,-,-,-
2015,청도군,사과,182.9,"4,213","2,304.00"
2016,청도군,사과,182,"3,804","2,090.00"
2017,청도군,사과,185.1,"3,435","1,856.00"
2018,청도군,사과,187.2,"3,100","1,656.00"
2019,청도군,사과,190.6,"2,707","1,420.00"
2015,청도군,배,22.6,361.8,"1,601.00"
2016,청도군,배,21.1,335,"1,588.00"
2017,청도군,배,17,331,"1,947.00"
2018,청도군,배,14.9,264,"1,772.00"
2019,청도군,배,13.2,111,841
2015,청도군,복숭아,950.7,"16,157.00","1,699.50"
2016,청도군,복숭아,"1,012.70","16,300.00","1,609.60"
2017,청도군,복숭아,"1,033.20","17,604.00","1,704.00"
2018,청도군,복숭아,"1,039.90","16,707.00","1,607.00"
2019,청도군,복숭아,"1,113.20","17,486.00","1,571.00"
2018,상주시,포도,"1,832.10","37,852.00","2,066.00"
2019,칠곡군,포도,64.2,"1,340.00","2,087.20"
2019,의성군,포도,19.3,407.8,"2,110.90"
2015,경주시,포도,215,"4,547.00","2,114.00"
2016,성주군,포도,3.1,67,"2,161.30"
2015,청도군,감,"2,131.50","50,458","2,367.30"
2016,청도군,감,"2,104.20","43,283","2,057.00"
2017,청도군,감,"2,040.00","47,400","2,324.00"
2018,청도군,감,"2,051.70","44,038","3,051.00"
2019,청도군,감,"2,116.20","45,055","2,129.00"
2015,청도군,대추,-,-,-
2016,청도군,대추,-,-,-
2017,청도군,대추,-,-,-
2018,청도군,대추,-,-,-
2019,청도군,대추,-,-,-
2015,청도군,감귤,-,-,-
2016,청도군,감귤,-,-,-
2017,청도군,감귤,-,-,-
2018,청도군,감귤,-,-,-
2019,청도군,감귤,-,-,-
2015,청도군,체리,-,-,-
2016,청도군,체리,-,-,-
2017,청도군,체리,-,-,-
2018,청도군,체리,-,-,-
2019,청도군,체리,-,-,-
2015,청도군,오디,-,-,-
2016,청도군,오디,-,-,-
2017,청도군,오디,-,-,-
2018,청도군,오디,-,-,-
2019,청도군,오디,-,-,-
2015,청도군,산딸기,-,-,-
2016,청도군,산딸기,-,-,-
2017,청도군,산딸기,-,-,-
2018,청도군,산딸기,-,-,-
2019,청도군,산딸기,-,-,-
2015,청도군,복분자,-,-,-
2016,청도군,복분자,-,-,-
2017,청도군,복분자,-,-,-
2018,청도군,복분자,-,-,-
2019,청도군,복분자,-,-,-
2015,청도군,자두,-,-,-
2016,청도군,자두,-,-,-
2017,청도군,자두,-,-,-
2018,청도군,자두,-,-,-
2019,청도군,자두,-,-,-
2015,청도군,살구,-,-,-
2016,청도군,살구,-,-,-
2017,청도군,살구,-,-,-
2018,청도군,살구,-,-,-
2019,청도군,살구,-,-,-
2015,청송군,사과,"2,975.80","54,833.00","1,842.60"
2016,청송군,사과,"3,238.50","59,362.00","1,833.00"
2017,청송군,사과,"3,363.10","64,403.40","1,915.00"
2018,청송군,사과,"3,339.40","62,613.80","1,875.00"
2019,청송군,사과,"3,423.00","60,929.00","1,780.00"
2015,청송군,배,22.9,374.4,"1,637.10"
2016,청송군,배,19.9,292.7,"1,473.10"
2017,청송군,배,19.7,256.5,"1,302.00"
2018,청송군,배,19,277,"1,457.90"
2019,청송군,배,18.9,162.1,857.7
2015,청송군,복숭아,32,656.3,"2,049.00"
2016,청송군,복숭아,50.7,973.6,"1,920.30"
2017,청송군,복숭아,58.4,964.7,"1,651.90"
2018,청송군,복숭아,63.7,"1,265.60","1,986.80"
2019,청송군,복숭아,65.4,"1,056.50","1,615.40"
2017,의성군,포도,20.4,441,"2,183.00"
2016,상주시,포도,"1,970.20","43,128.40","2,189.20"
2015,상주시,포도,"1,955.70","43,289.20","2,213.50"
2017,칠곡군,포도,62.2,"1,433.00","2,303.90"
2015,의성군,포도,49.7,"1,098.30","2,306.70"
2015,청송군,감,1.9,2.1,110.5
2016,청송군,감,16.9,122.4,723.4
2017,청송군,감,17.9,126.7,707.8
2018,청송군,감,5,82.4,"1,648.00"
2019,청송군,감,5.1,28.9,568
2015,청송군,대추,28.3,284.5,"1,006.00"
2016,청송군,대추,31.6,320.3,"1,013.00"
2017,청송군,대추,24.8,217.6,877.4
2018,청송군,대추,24.6,231.1,939.4
2019,청송군,대추,24.2,246.7,"1,019.40"
2015,청송군,감귤,-,-,-
2016,청송군,감귤,-,-,-
2017,청송군,감귤,-,-,-
2018,청송군,감귤,-,-,-
2019,청송군,감귤,-,-,-
2015,청송군,체리,-,-,-
2016,청송군,체리,-,-,-
2017,청송군,체리,-,-,-
2018,청송군,체리,-,-,-
2019,청송군,체리,-,-,-
2015,청송군,오디,-,-,-
2016,청송군,오디,-,-,-
2017,청송군,오디,-,-,-
2018,청송군,오디,-,-,-
2019,청송군,오디,-,-,-
2015,청송군,산딸기,-,-,-
2016,청송군,산딸기,-,-,-
2017,청송군,산딸기,-,-,-
2018,청송군,산딸기,-,-,-
2019,청송군,산딸기,-,-,-
2015,청송군,복분자,-,-,-
2016,청송군,복분자,-,-,-
2017,청송군,복분자,-,-,-
2018,청송군,복분자,-,-,-
2019,청송군,복분자,-,-,-
2015,청송군,자두,-,-,-
2016,청송군,자두,-,-,-
2017,청송군,자두,-,-,-
2018,청송군,자두,-,-,-
2019,청송군,자두,-,-,-
2015,청송군,살구,-,-,-
2016,청송군,살구,-,-,-
2017,청송군,살구,-,-,-
2018,청송군,살구,-,-,-
2019,청송군,살구,-,-,-
2015,칠곡군,사과,84.1,"2,046.00","2,432.80"
2016,칠곡군,사과,84.1,"2,046.00","2,432.80"
2017,칠곡군,사과,81,"1,984.00","2,449.40"
2018,칠곡군,사과,75.7,"1,970.00","2,602.40"
2019,칠곡군,사과,80.9,"1,877.00","2,320.10"
2015,칠곡군,배,35.4,528.9,"1,494.10"
2016,칠곡군,배,35.4,528.9,"1,494.10"
2017,칠곡군,배,34.1,531,"1,557.20"
2018,칠곡군,배,33.5,509,"1,519.40"
2019,칠곡군,배,18.9,325.3,"1,721.20"
2015,칠곡군,복숭아,30,520.6,"1,735.30"
2016,칠곡군,복숭아,30,520.6,"1,735.30"
2017,칠곡군,복숭아,32.2,538,"1,670.80"
2018,칠곡군,복숭아,30.6,511.1,"1,670.30"
2019,칠곡군,복숭아,43.2,809.7,"1,874.30"
2015,성주군,포도,3.5,81.3,"2,322.90"
2018,칠곡군,포도,59.7,"1,428.00","2,392.00"
2016,칠곡군,포도,91.8,"2,296.40","2,501.50"
2018,의성군,포도,20.8,450,"3,754.00"
2015,영주시,포도,68,"2,810.00","4,132.40"
2015,칠곡군,감,48.3,674.4,"1,396.30"
2016,칠곡군,감,48.3,674.4,"1,396.30"
2017,칠곡군,감,46.6,648.2,"1,391.00"
2018,칠곡군,감,45.2,643.2,"1,423.00"
2019,칠곡군,감,40.5,340.5,840.7
2015,칠곡군,대추,-,-,-
2016,칠곡군,대추,-,-,-
2017,칠곡군,대추,-,-,-
2018,칠곡군,대추,-,-,-
2019,칠곡군,대추,-,-,-
2015,칠곡군,감귤,-,-,-
2016,칠곡군,감귤,-,-,-
2017,칠곡군,감귤,-,-,-
2018,칠곡군,감귤,-,-,-
2019,칠곡군,감귤,-,-,-
2015,칠곡군,체리,-,-,-
2016,칠곡군,체리,-,-,-
2017,칠곡군,체리,-,-,-
2018,칠곡군,체리,-,-,-
2019,칠곡군,체리,-,-,-
2015,칠곡군,오디,-,-,-
2016,칠곡군,오디,-,-,-
2017,칠곡군,오디,-,-,-
2018,칠곡군,오디,-,-,-
2019,칠곡군,오디,-,-,-
2015,칠곡군,산딸기,-,-,-
2016,칠곡군,산딸기,-,-,-
2017,칠곡군,산딸기,-,-,-
2018,칠곡군,산딸기,-,-,-
2019,칠곡군,산딸기,-,-,-
2015,칠곡군,복분자,-,-,-
2016,칠곡군,복분자,-,-,-
2017,칠곡군,복분자,-,-,-
2018,칠곡군,복분자,-,-,-
2019,칠곡군,복분자,-,-,-
2015,칠곡군,자두,10.5,111,"1,057.10"
2016,칠곡군,자두,10.5,111,"1,057.10"
2017,칠곡군,자두,13.7,123,897.8
2018,칠곡군,자두,13.7,123,897.8
2019,칠곡군,자두,16,172.7,"1,079.40"
2015,칠곡군,살구,-,-,-
2016,칠곡군,살구,-,-,-
2017,칠곡군,살구,-,-,-
2018,칠곡군,살구,-,-,-
2019,칠곡군,살구,-,-,-
2015,포항시,사과,"1,032.90","19,485.50","1,886.50"
2016,포항시,사과,"1,031.30","18,169.60","2,009.10"
2017,포항시,사과,"1,029.00","18,940.00","2,063.00"
2018,포항시,사과,"1,009.00","18,042.00","2,031.00"
2019,포항시,사과,"1,102.10","19,277.40","1,749.20"
2015,포항시,배,35,580.5,"1,658.60"
2016,포항시,배,28.5,524.2,"1,881.50"
2017,포항시,배,28.3,518,"1,872.00"
2018,포항시,배,27.8,432.4,"1,744.00"
2019,포항시,배,53.9,"1,112.90","2,064.70"
2015,포항시,복숭아,19.2,184.8,"1,162.30"
2016,포항시,복숭아,18.3,224.2,"1,267.00"
2017,포항시,복숭아,19,248,"1,290.00"
2018,포항시,복숭아,27,300,"1,168.00"
2019,포항시,복숭아,25.4,337.7,"1,356.20"
2015,봉화군,포도,-,-,-
2015,울진군,포도,-,-,-
2016,울진군,포도,-,-,-
2017,울진군,포도,-,-,-
2018,울진군,포도,-,-,-
2015,포항시,감,138.2,"1,746.50","1,263.70"
2016,포항시,감,131.6,"1,759.50","1,457.70"
2017,포항시,감,131.8,"1,978.00","1,500.80"
2018,포항시,감,134.6,"1,658.80","1,232.00"
2019,포항시,감,113.4,"1,972.40","1,739.30"
2015,포항시,대추,-,-,-
2016,포항시,대추,-,-,-
2017,포항시,대추,-,-,-
2018,포항시,대추,-,-,-
2019,포항시,대추,-,-,-
2015,포항시,감귤,-,-,-
2016,포항시,감귤,-,-,-
2017,포항시,감귤,-,-,-
2018,포항시,감귤,-,-,-
2019,포항시,감귤,-,-,-
2015,포항시,체리,-,-,-
2016,포항시,체리,-,-,-
2017,포항시,체리,-,-,-
2018,포항시,체리,-,-,-
2019,포항시,체리,-,-,-
2015,포항시,오디,-,-,-
2016,포항시,오디,-,-,-
2017,포항시,오디,-,-,-
2018,포항시,오디,-,-,-
2019,포항시,오디,-,-,-
2015,포항시,산딸기,-,-,-
2016,포항시,산딸기,-,-,-
2017,포항시,산딸기,-,-,-
2018,포항시,산딸기,-,-,-
2019,포항시,산딸기,-,-,-
2015,포항시,복분자,-,-,-
2016,포항시,복분자,-,-,-
2017,포항시,복분자,-,-,-
2018,포항시,복분자,-,-,-
2019,포항시,복분자,-,-,-
2015,포항시,자두,-,-,-
2016,포항시,자두,-,-,-
2017,포항시,자두,-,-,-
2018,포항시,자두,-,-,-
2019,포항시,자두,-,-,-
2015,포항시,살구,-,-,-
2016,포항시,살구,-,-,-
2017,포항시,살구,-,-,-
2018,포항시,살구,-,-,-
2019,포항시,살구,-,-,-
